ieu-a-1187,manualData_anxiety,ukb-b-6519,ukb-b-5779,ieu-a-961,ieu-a-1239,ukb-b-19953,ukb-b-5238,ieu-a-1018,ukb-b-4424,ukb-b-8476,ukb-b-3957,ukb-b-4956,ukb-d-SLEEP,ukb-b-4062,ukb-b-4710,ukb-b-5076,ieu-a-118,ukb-b-5237,ieu-a-24,ieu-a-7
,,,,,,,,rs3756290,,,rs113851554,,,,,,,,,
,,,,,,,,rs2075677,,,rs62149809,,,,,,,,,
,,,,,,,,rs4958581,,,rs1064939,,,,,,,,,
,,,,,,,,,,,rs79204944,,,,,,,,,
,,,,,,,,,,,rs72899452,,,,,,,,,
,,,,,,,,,,,rs55972276,,,,,,,,,
,,,,,,,,,,,rs77641763,,,,,,,,,
,,,,,,,,,,,rs138014720,,,,,,,,,
,,,,,,,,,,,rs2286729,,,,,,,,,
,,,,,,,,,,,rs118166957,,,,,,,,,
,,,,,,,,,,,rs11650304,,,,,,,,,
,,,,,,,,,,,rs62158170,,,,,,,,,
,,,,,,,,,,,rs62264767,,,,,,,,,
,,,,,,,,,,,rs7168238,,,,,,,,,
,,,,,,,,,,,rs699844,,,,,,,,,
,,,,,,,,,,,rs7566062,,,,,,,,,
,,,,,,,,,,,rs28611339,,,,,,,,,
,,,,,,,,,,,rs1015438,,,,,,,,,
,,,,,,,,,,,rs6465151,,,,,,,,,
,,,,,,,,,,,rs2815757,,,,,,,,,
,,,,,,,,,,,rs16903122,,,,,,,,,
,,,,,,,,,,,rs2792990,,,,,,,,,
,,,,,,,,,,,rs62590551,,,,,,,,,
,,,,,,,,,,,rs34490907,,,,,,,,,
,,,,,,,,,,,rs670501,,,,,,,,,
,,,,,,,,,,,rs1927902,,,,,,,,,
,,,,,,,,,,,rs1620977,,,,,,,,,
,,,,,,,,,,,rs75452188,,,,,,,,,
,,,,,,,,,,,rs71575448,,,,,,,,,
,,,,,,,,,,,rs11756035,,,,,,,,,
,,,,,,,,,,,rs62429521,,,,,,,,,
,,,,,,,,,,,rs7992992,,,,,,,,,
,,,,,,,,,,,rs908668,,,,,,,,,
,,,,,,,,,,,rs2491124,,,,,,,,,
,,,,,,,,,,,rs35322724,,,,,,,,,
,,,,,,,,,,,rs62068188,,,,,,,,,
,,,,,,,,,,,rs9931543,,,,,,,,,
,,,,,,,,,,,rs3902952,,,,,,,,,
,,,,,,,,,,,rs4790076,,,,,,,,,
,,,,,,,,,,,rs45453598,,,,,,,,,
,,,,,,,,,,,rs17223714,,,,,,,,,
,,,,,,,,,,,rs9316619,,,,,,,,,
,,,,,,,,,,,rs429358,,,,,,,,,
,,,,,,,,,,,rs12310246,,,,,,,,,
,,,,,,,,,,,rs830716,,,,,,,,,
,,,,,,,,,,,rs67501351,,,,,,,,,
,,,,,,,,,,,rs34214423,,,,,,,,,
,,,,,,,,,,,rs12614369,,,,,,,,,
,,,,,,,,,,,rs116466468,,,,,,,,,
,,,,,,,,,,,rs2903385,,,,,,,,,
,,,,,,,,,,,rs6606731,,,,,,,,,
,,,,,,,,,,,rs742760,,,,,,,,,
,,,,,,,,,,,rs10800992,,,,,,,,,
,,,,,,,,,,,rs55772859,,,,,,,,,
,,,,,,,,,,,rs10865954,,,,,,,,,
,,,,,,,,,,,rs17005118,,,,,,,,,
,,,,,,,,,,,rs35539975,,,,,,,,,
,,,,,,,,,,,rs12666306,,,,,,,,,
,,,,,,,,,,,rs2867690,,,,,,,,,
,,,,,,,,,,,rs12030482,,,,,,,,,
,,,,,,,,,,,rs17025198,,,,,,,,,
,,,,,,,,,,,rs56133505,,,,,,,,,
,,,,,,,,,,,rs7486418,,,,,,,,,
,,,,,,,,,,,rs715338,,,,,,,,,
,,,,,,,,,,,rs4643373,,,,,,,,,
,,,,,,,,,,,rs56097173,,,,,,,,,
,,,,,,,,,,,rs12991815,,,,,,,,,
,,,,,,,,,,,rs12187443,,,,,,,,,
,,,,,,,,,,,rs9373590,,,,,,,,,
,,,,,,,,,,,rs4592425,,,,,,,,,
,,,,,,,,,,,rs11149313,,,,,,,,,
,,,,,,,,,,,rs6019663,,,,,,,,,
,,,,,,,,,,,rs62194948,,,,,,,,,
,,,,,,,,,,,rs6808140,,,,,,,,,
,,,,,,,,,,,rs35110063,,,,,,,,,
,,,,,,,,,,,rs1147852,,,,,,,,,
,,,,,,,,,,,rs324017,,,,,,,,,
,,,,,,,,,,,rs6562066,,,,,,,,,
,,,,,,,,,,,rs1038093,,,,,,,,,
,,,,,,,,,,,rs11090039,,,,,,,,,
,,,,,,,,,,,rs1861412,,,,,,,,,
,,,,,,,,,,,rs6888135,,,,,,,,,
,,,,,,,,,,,rs940780,,,,,,,,,
,,,,,,,,,,,rs12924275,,,,,,,,,
,,,,,,,,,,,rs2398144,,,,,,,,,
,,,,,,,,,,,rs11679943,,,,,,,,,
,,,,,,,,,,,rs6756610,,,,,,,,,
,,,,,,,,,,,rs62213452,,,,,,,,,
,,,,,,,,,,,rs7040224,,,,,,,,,
,,,,,,,,,,,rs72773790,,,,,,,,,
,,,,,,,,,,,rs5877,,,,,,,,,
,,,,,,,,,,,rs1530938,,,,,,,,,
,,,,,,,,,,,rs7625896,,,,,,,,,
,,,,,,,,,,,rs1264419,,,,,,,,,
,,,,,,,,,,,rs2737240,,,,,,,,,
,,,,,,,,,,,rs10756571,,,,,,,,,
,,,,,,,,,,,rs2221119,,,,,,,,,
,,,,,,,,,,,rs9540729,,,,,,,,,
,,,,,,,,,,,rs34967082,,,,,,,,,
,,,,,,,,,,,rs2216427,,,,,,,,,
,,,,,,,,,,,rs6601080,,,,,,,,,
,,,,,,,,,,,rs2598293,,,,,,,,,
,,,,,,,,,,,rs871994,,,,,,,,,
,,,,,,,,,,,rs1167132,,,,,,,,,
,,,,,,,,,,,rs176644,,,,,,,,,
,,,,,,,,,,,rs12605642,,,,,,,,,
,,,,,,,,,,,rs9964420,,,,,,,,,
,,,,,,,,,,,rs72820274,,,,,,,,,
,,,,,,,,,,,rs10928256,,,,,,,,,
,,,,,,,,,,,rs4260410,,,,,,,,,
,,,,,,,,,,,rs11722569,,,,,,,,,
,,,,,,,,,,,rs13138995,,,,,,,,,
,,,,,,,,,,,rs6978112,,,,,,,,,
,,,,,,,,,,,rs2030672,,,,,,,,,
,,,,,,,,,,,rs874168,,,,,,,,,
,,,,,,,,,,,rs10898940,,,,,,,,,
,,,,,,,,,,,rs1567084,,,,,,,,,
,,,,,,,,,,,rs1580173,,,,,,,,,
,,,,,,,,,,,rs1357685,,,,,,,,,
,,,,,,,,,,,rs4588900,,,,,,,,,
,,,,,,,,,,,rs28552587,,,,,,,,,
,,,,,,,,,,,rs10955647,,,,,,,,,
,,,,,,,,,,,rs6597649,,,,,,,,,
,,,,,,,,,,,rs10825503,,,,,,,,,
,,,,,,,,,,,rs667730,,,,,,,,,
,,,,,,,,,,,rs647905,,,,,,,,,
,,,,,,,,,,,rs10947987,,,,,,,,,
,,,,,,,,,,,rs4858708,,,,,,,,,
,,,,,,,,,,,rs2364921,,,,,,,,,
,,,,,,,,,,,rs238869,,,,,,,,,
,,,,,,,,,,,rs190073,,,,,,,,,
,,,,,,,,,,,rs9563886,,,,,,,,,
,,,,,,,,,,,rs2447094,,,,,,,,,
,,,,,,,,,,,rs1553754,,,,,,,,,
,,,,,,,,,,,rs11588755,,,,,,,,,
,,,,,,,,,,,rs11119409,,,,,,,,,
,,,,,,,,,,,rs728017,,,,,,,,,
,,,,,,,,,,,rs1731951,,,,,,,,,
,,,,,,,,,,,rs4788203,,,,,,,,,
,,,,,,,,,,,rs12454003,,,,,,,,,
,,,,,,,,,,,rs910187,,,,,,,,,
,,,,,,,,,,,rs34036083,,,,,,,,,
,,,,,,,,,,,rs12520974,,,,,,,,,
,,,,,,,,,,,rs701394,,,,,,,,,
,,,,,,,,,,,rs37445,,,,,,,,,
,,,,,,,,,,,rs17367725,,,,,,,,,
,,,,,,,,,,,rs9469434,,,,,,,,,
,,,,,,,,,,,rs10758593,,,,,,,,,
,,,,,,,,,,,rs7402939,,,,,,,,,
,,,,,,,,,,,rs2838787,,,,,,,,,
,,,,,,,,,,,rs6702604,,,,,,,,,
,,,,,,,,,,,rs823247,,,,,,,,,
,,,,,,,,,,,rs1519102,,,,,,,,,
,,,,,,,,,,,rs1064213,,,,,,,,,
,,,,,,,,,,,rs7599697,,,,,,,,,
,,,,,,,,,,,rs2388840,,,,,,,,,
,,,,,,,,,,,rs7475916,,,,,,,,,
,,,,,,,,,,,rs4767645,,,,,,,,,
,,,,,,,,,,,rs6510033,,,,,,,,,
,,,,,,,,,,,rs623025,,,,,,,,,
,,,,,,,,,,,rs73163783,,,,,,,,,
,,,,,,,,,,,rs10944696,,,,,,,,,
,,,,,,,,,,,rs6973090,,,,,,,,,
,,,,,,,,,,,rs671985,,,,,,,,,
,,,,,,,,,,,rs11001276,,,,,,,,,
,,,,,,,,,,,rs214934,,,,,,,,,
,,,,,,,,,,,rs6589988,,,,,,,,,
,,,,,,,,,,,rs8181889,,,,,,,,,
,,,,,,,,,,,rs1536053,,,,,,,,,
,,,,,,,,,,,rs3184470,,,,,,,,,
,,,,,,,,,,,rs8076183,,,,,,,,,
,,,,,,,,,,,rs1937447,,,,,,,,,
,,,,,,,,,,,rs7571486,,,,,,,,,
,,,,,,,,,,,rs4502882,,,,,,,,,
,,,,,,,,,,,rs6457796,,,,,,,,,
,,,,,,,,,,,rs4090240,,,,,,,,,
,,,,,,,,,,,rs12251016,,,,,,,,,
,,,,,,,,,,,rs224029,,,,,,,,,
,,,,,,,,,,,rs566673,,,,,,,,,
,,,,,,,,,,,rs10502966,,,,,,,,,
,,,,,,,,,,,rs7615602,,,,,,,,,
,,,,,,,,,,,rs521484,,,,,,,,,
,,,,,,,,,,,rs75932578,,,,,,,,,
,,,,,,,,,,,rs12790660,,,,,,,,,
,,,,,,,,,,,rs2389631,,,,,,,,,
,,,,,,,,,,,rs2089358,,,,,,,,,
,,,,,,,,,,,rs1289939,,,,,,,,,
,,,,,,,,,,,rs11803128,,,,,,,,,
,,,,,,,,,,,rs6545798,,,,,,,,,
,,,,,,,,,,,rs4664299,,,,,,,,,
,,,,,,,,,,,rs3774751,,,,,,,,,
,,,,,,,,,,,rs7044885,,,,,,,,,
,,,,,,,,,,,rs6734957,,,,,,,,,
,,,,,,,,,,,rs62301574,,,,,,,,,
,,,,,,,,,,,rs12917449,,,,,,,,,
,,,,,,,,,,,rs9889282,,,,,,,,,
,,,,,,,,,,,rs11126082,,,,,,,,,
,,,,,,,,,,,rs984306,,,,,,,,,
,,,,,,,,,,,rs314281,,,,,,,,,
,,,,,,,,,,,rs10761240,,,,,,,,,
,,,,,,,,,,,rs12912299,,,,,,,,,
,,,,,,,,,,,rs4238755,,,,,,,,,
,,,,,,,,,,,rs60565673,,,,,,,,,
,,,,,,,,,,,rs12983032,,,,,,,,,
,,,,,,,,,,,rs694786,,,,,,,,,
,,,,,,,,,,,rs17083297,,,,,,,,,
,,,,,,,,,,,rs3131638,,,,,,,,,
,,,,,,,,,,,rs6967168,,,,,,,,,
,,,,,,,,,,,rs524859,,,,,,,,,
,,,,,,,,,,,rs61921611,,,,,,,,,
,,,,,,,,,,,rs7214267,,,,,,,,,
,,,,,,,,,,,rs61765555,,,,,,,,,
,,,,,,,,,,,rs11605348,,,,,,,,,
,,,,,,,,,,,rs16990210,,,,,,,,,
,,,,,,,,,,,rs12540241,,,,,,,,,
,,,,,,,,,,,rs10947690,,,,,,,,,
,,,,,,,,,,,rs4702,,,,,,,,,
,,,,,,,,,,,rs73079014,,,,,,,,,
,,,,,,,,,,,rs8180817,,,,,,,,,
,,,,,,,,,,,rs76145129,,,,,,,,,
,,,,,,,,,,,rs1031654,,,,,,,,,
,,,,,,,,,,,rs152555,,,,,,,,,
,,,,,,,,,,,rs2431108,,,,,,,,,
,,,,,,,,,,,rs9394502,,,,,,,,,
,,,,,,,,,,,rs4709655,,,,,,,,,
,,,,,,,,,,,rs28582096,,,,,,,,,
,,,,,,,,,,,rs4981170,,,,,,,,,
,,,,,,,,,,,rs72657797,,,,,,,,,
,,,,,,,,,,,rs8180457,,,,,,,,,
,,,,,,,,,,,rs73671843,,,,,,,,,
,,,,,,,,,,,rs17324524,,,,,,,,,
,,,,,,,,,,,rs13010288,,,,,,,,,
,,,,,,,,,,,rs62383308,,,,,,,,,
,,,,,,,,,,,rs17643634,,,,,,,,,
,,,,,,,,,,,rs66674044,,,,,,,,,
,,,,,,,,,,,rs6119267,,,,,,,,,
,,,,,,,,,,,rs492858,,,,,,,,,
,,,,,,,,,,,rs10947428,,,,,,,,,
,,,,,,,,,,,rs79693059,,,,,,,,,
,,,,,,,,,,,rs9527083,,,,,,,,,
,,,,,,,,,,,rs11838830,,,,,,,,,
,,,,,,,,,,,rs4699157,,,,,,,,,
,,,,,,,,,,,rs7432782,,,,,,,,,
,,,,,,,,,,,rs13135092,,,,,,,,,
,,,,,,,,,,,rs17520265,,,,,,,,,
,,,,,,,,,,,rs78206187,,,,,,,,,
,,,,,,,,,,,rs117630493,,,,,,,,,
,,,,,,,,,,,rs138678612,,,,,,,,,
